"ID","Label","Start","Stop","Class","Type","Origin","Gender","Athenian with Roman Citizenship","Family","Extended","Deme"
2312,"T. Fl. Euthykomas","166","350.0","Person","","Athenian","Male","TRUE","","","Paiania"
2226,"Ti. Kl. Herodes Attikos Kl. Attikou","115","350.0","Person","","Athenian","Male","TRUE","Herodian","Herodian-Eukleid","Marathon"
2005,"Eurydike","-87.5","350.0","Person","","Athenian","Female","FALSE","","","Halai Aixonides"
2402,"P. Pom. Hegios II","187.5","350.0","Person","","Athenian","Male","TRUE","","","Phaleron"
2052,"Augustus","-26","350.0","Person","","Other/Uncertain","Male","FALSE","","",""
2167,"T. Fl. Sophokles T. Fl. Kononos","75","350.0","Person","","Athenian","Male","TRUE","","","Sounion"
2164,"[?] Imperial Priest","99","350.0","Person","","Athenian","Male","FALSE","","",""
2182,"Thrasyllos Ammoniou","87.5","350.0","Person","","Athenian","Male","FALSE","","","Kholleidai"
2264,"Emperor Marcus Aurelius","153","350.0","Person","","Other/Uncertain","Male","FALSE","","",""
2300,"Emperor L. Verus","162","350.0","Person","","Other/Uncertain","Male","FALSE","","",""
2104,"[?] Hearth-Initiate Themistokleous","-13","350.0","Person","","Athenian","Male","FALSE","Hagnous/Akharnid Daduchs","Hagnous/Akharnid Daduchs","Hagnous"
2288,"Sergius Calpurnius Scipio Orfitus","155","350.0","Person","","Roman","Male","FALSE","","",""
2106,"Polyainos Nikandrou","-13","350.0","Person","","Athenian","Male","FALSE","","","Sounion"
2477,"Kl. Menandra II","210","350.0","Person","","Athenian","Female","TRUE","Praxagorid","Claudii of Melite","Melite"
2311,"Agothokles Marathonios","165","350.0","Person","","Athenian","Male","FALSE","","","Marathon"
2172,"P. Fulvius Metrodoros","85","350.0","Person","","Athenian","Male","TRUE","","","Sounion"
2121,"Atheno Niketou","0","350.0","Person","","Athenian","Male","FALSE","","","Hagnous"
2236,"T. Vipsanius [.] Flavianos","132.5","350.0","Person","","Athenian","Male","TRUE","","","Kephesia"
2286,"Sergius Salvidius Scipio Orfitus","155","350.0","Person","","Roman","Male","FALSE","","",""
2108,"[.]kleides","-50.5","350.0","Person","","Athenian","Male","FALSE","","",""
2432,"Son or Daughter of a [N]um[ius]","150.5","350.0","Person","","Athenian","Uncertain","TRUE","","",""
2434,"T. Fl. Ateimetos Peiraieus","250.5","350.0","Person","","Athenian","Male","TRUE","","","Peiraius"
2150,"Statilia [.]","50","350.0","Person","","Athenian","Female","TRUE","","","Sphettos"
2198,"[?] Kanephoros","100.5","350.0","Person","","Athenian","Male","FALSE","","",""
2255,"Annia Aristokleia","145","350.0","Person","","Athenian","Female","TRUE","","","Kholleidai"
2431,"Poll[io]n[a?], Hearth-Initiate","150.5","350.0","Person","","Athenian","Female","TRUE","","",""
2223,"Fl. Laodameia Kleitou","112.5","350.0","Person","","Athenian","Female","TRUE","","","Phlya"
2298,"Fl. Xenion","165","350.0","Person","","Athenian","Male","TRUE","","","Marathon"
2229,"Cocceius Censorinus","115","350.0","Person","","Roman","Male","FALSE","","",""
2002,"Theophilos","-87.5","350.0","Person","","Athenian","Male","FALSE","","","Halai Aixonides"
2030,"[?] Heath-Initiate","-50","350.0","Person","","Athenian","Uncertain","FALSE","","",""
2165,"Ti. Kl. Hipparkhos Herodou","65","350.0","Person","","Athenian","Male","TRUE","Herodian","Herodian-Eukleid","Marathon"
2044,"Pomponianus Atticus","-40","350.0","Person","","Roman","Male","FALSE","","",""
2189,"T. Fl [?]","50.5","350.0","Person","","Athenian","Uncertain","FALSE","","",""
2152,"Iulia Agrippina","54.5","350.0","Person","","Roman","Female","FALSE","","",""
2022,"[?] Tamias","-61.5","350.0","Person","","Athenian","Male","FALSE","","",""
2454,"P. Ail. Herennia","200","350.0","Person","","Athenian","Female","TRUE","Publii Aelii Dionysii","Publii Aelii Dionysii",""
2163,"[?] Emperor","99","350.0","Person","","Other/Uncertain","Male","FALSE","","",""
2145,"Athenais Diokleous","50","350.0","Person","","Athenian","Female","FALSE","Hagnous/Akharnid Daduchs","Hagnous/Akharnid Daduchs","Hagnous"
1015,"Eumolpidai","","350.0","Institution","Genos","Athenian","","","","",""
2140,"T. Statilius Lamprias","43","350.0","Person","","Other Greek","Male","FALSE","","",""
2029,"[?] Heath-Initiate","-50","350.0","Person","","Athenian","Uncertain","FALSE","","",""
2533,"Emperor Maximianus","295.5","350.0","Person","","Other/Uncertain","Male","FALSE","","",""
2051,"Livia Drusilla","-26","350.0","Person","","Other/Uncertain","Female","FALSE","","",""
2162,"Iul. Nikanor","60","350.0","Person","","Other Greek","Male","FALSE","","",""
2181,"[?] Wife of Ammonios Kholleides","87.5","350.0","Person","","Athenian","Female","FALSE","","",""
2025,"Sophokles Xenokleous","-50","350.0","Person","","Athenian","Male","FALSE","","","Akharnai"
2302,"T. Kl. Hierophant Alkibiadou","167","350.0","Person","","Athenian","Male","TRUE","","","Paiania"
2173,"Kl. Philoxena Patronos","97.5","350.0","Person","","Athenian","Female","TRUE","","","Melite"
2001,"Ameinokleia Philanthou","-87.5","350.0","Person","","Athenian","Female","FALSE","","","Phlya"
2023,"T. Pinarius","-50","350.0","Person","","Roman","Male","FALSE","","",""
2206,"Kallisto Kallimakhou","100.5","350.0","Person","","Athenian","Female","FALSE","","",""
2290,"P. Ail. Timosthenes","155","350.0","Person","","Athenian","Male","TRUE","","","Berenikidai"
2008,"[?] Mother","-87.5","350.0","Person","","Athenian","Female","FALSE","","",""
2485,"Aur. Magna II Magnou","217","350.0","Person","","Athenian","Female","TRUE","","","Pithos"
2169,"T. Fl. Konon Kononos","77.5","350.0","Person","","Athenian","Male","TRUE","","","Sounion"
2258,"Nummia Bassa","145","350.0","Person","","Athenian","Female","TRUE","","","Gargettos"
2310,"M. Aur. Miltiades","165","350.0","Person","","Athenian","Male","TRUE","","","Marathon"
2470,"Praxagora [?]","313","350.0","Person","","Athenian","Female","FALSE","Praxagorid","Claudii of Melite","Melite"
2046,"Sempronia","-39.5","350.0","Person","","Roman","Female","FALSE","","",""
2339,"L. Memmius Altar-Priest","170","350.0","Person","","Athenian","Male","TRUE","","","Thorikos"
2393,"Ail. Epilampsis Gelotos","187.5","350.0","Person","","Athenian","Female","TRUE","","","Phaleron"
2056,"Apolexis I","-25","350.0","Person","","Athenian","Male","FALSE","","","Oion"
2007,"[?] Father","-87.5","350.0","Person","","Athenian","Male","FALSE","","",""
2418,"Demetrios Apolloniou","150.5","350.0","Person","","Athenian","Male","FALSE","","","Marathon"
2122,"Pammenes Pammenous","13","350.0","Person","","Athenian","Male","FALSE","","","Marathon"
2452,"P. Ail. Herennia P. Ail. Apolloniou","200","350.0","Person","","Athenian","Female","TRUE","Publii Aelii Dionysii","Publii Aelii Dionysii",""
2004,"Diopeithes","-87.5","350.0","Person","","Athenian","Male","FALSE","","","Halai Aixonides"
2196,"Tryphon Phylasios","50.5","350.0","Person","","Athenian","Male","FALSE","","","Phlya"
2134,"Iulia Augusta","25","350.0","Person","","Other/Uncertain","Female","FALSE","","",""
2055,"Lamidion Apolexidos","-25","350.0","Person","","Athenian","Male","FALSE","","","Oion"
2129,"Emperor Tiberius","-6.5","350.0","Person","","Other/Uncertain","Male","FALSE","","",""
2147,"Seilon Apolloniou","50","350.0","Person","","Athenian","Male","FALSE","","","Melite"
2123,"Hierophantis Mos[kh.]","13","350.0","Person","","Athenian","Female","FALSE","","",""
2012,"Philemon","-73","350.0","Person","","Athenian","Male","FALSE","","",""
2328,"Ail. Kephisodora","170","350.0","Person","","Athenian","Female","TRUE","Leonid","Claudii of Melite",""
2293,"Regilla","155","350.0","Person","","Roman","Female","FALSE","Herodian","Herodian-Eukleid","Marathon"
2331,"Iul. Kephisodora","170","350.0","Person","","Athenian","Female","TRUE","Praxagorid","Claudii of Melite",""
1005,"Sophiai","","350.0","Institution","Private","Other/Uncertain","","","","",""
2256,"Annius Thrasyllos","145","350.0","Person","","Athenian","Male","TRUE","","","Kholleidai"
2010,"Epiphaneia Hermolykou","-85","350.0","Person","","Athenian","Female","FALSE","","","Marathon"
2463,"M. Aur. Prosdektos Pistokrates","200","350.0","Person","","Athenian","Male","TRUE","","","Kephale"
2238,"Polemon Heroxenou","137.5","350.0","Person","","Athenian","Male","FALSE","","","Marathon"
2207,"Kallikleia","100.5","350.0","Person","","Athenian","Female","FALSE","","",""
2240,"Thrasyllos Kholleides","135","350.0","Person","","Athenian","Male","FALSE","","","Kholleidai"
2517,"Aerarius Sospatros, Daduch","275","350.0","Person","","Athenian","Male","TRUE","","",""
2201,"[?] Daughter of [.]dous","100.5","350.0","Person","","Athenian","Female","FALSE","","",""
2468,"Xenagoras II  Xenagorou","313","350.0","Person","","Athenian","Male","FALSE","Praxagorid","Claudii of Melite","Melite"
2254,"Iun. Patron","145","350.0","Person","","Athenian","Male","TRUE","","","Berenikidai"
2138,"Polykharmos Eukleous","33.5","350.0","Person","","Athenian","Male","FALSE","Eukleid","Herodian-Eukleid","Marathon"
2225,"[?] Priest","125","350.0","Person","","Athenian","Male","FALSE","","",""
2139,"Eimertos Polykharmos","25.5","350.0","Person","","Athenian","Male","FALSE","Eukleid","Herodian-Eukleid","Marathon"
2219,"[?] Woman","150.5","350.0","Person","","Athenian","Female","FALSE","","",""
2091,"Themistokles II Theophrastou","-25","350.0","Person","","Athenian","Male","FALSE","Hagnous/Akharnid Daduchs","Hagnous/Akharnid Daduchs","Hagnous"
2283,"Ana[.]n Krateros","175","350.0","Person","","Athenian","Male","TRUE","","",""
2178,"Kl. [?] Mother of Seilianos","97.5","350.0","Person","","Athenian","Female","TRUE","","",""
2503,"Casianus Hierokeryx","236","350.0","Person","","Athenian","Male","TRUE","Casiani of Steiria","Casiani of Steiria","Steiria"
2168,"Fl. Sophia","75","350.0","Person","","Athenian","Female","TRUE","","","Sounion"
2318,"T. Fl. Menandros Paianieus","166","350.0","Person","","Athenian","Male","TRUE","","","Paiania"
2156,"Ti. Kl. Demostratos","55","350.0","Person","","Athenian","Male","TRUE","","","Sounion"
2033,"Dionysios Athenagorou","-37.5","350.0","Person","","Athenian","Male","FALSE","Athenagoridai","","Melite"
2301,"Ail. Kh[?]","165","350.0","Person","","Athenian","Uncertain","TRUE","","",""
2171,"P. Fulvius Maximos Sounieus","85","350.0","Person","","Athenian","Male","TRUE","","","Sounion"
2054,"Theophrastos Themistokleous","-25","350.0","Person","","Athenian","Male","FALSE","Hagnous/Akharnid Daduchs","Hagnous/Akharnid Daduchs","Hagnous"
2037,"[?] Hierophantis Amphiou","-32.5","350.0","Person","","Athenian","Female","FALSE","","",""
2128,"Polykharmos Polykritos","-6.5","350.0","Person","","Athenian","Male","FALSE","","",""
2159,"Kl. Asklepiodoros","55","350.0","Person","","Athenian","Male","TRUE","","",""
2174,"T. Kl. Lysiades Patronos","97.5","350.0","Person","","Athenian","Male","TRUE","","","Melite"
2176,"G. Kl. Seilianos Polykritos","97.5","350.0","Person","","Athenian","Male","TRUE","","",""
2177,"Kl. [?] Father of Seilianos","97.5","350.0","Person","","Athenian","Male","TRUE","","",""
2471,"Licinius Kallistomakhos","205","350.0","Person","","Athenian","Male","TRUE","","",""
2405,"Daughter of T. Fl. Leosthenes II","187.5","350.0","Person","","Athenian","Female","TRUE","","","Paiania"
2032,"[?] Daduch from Hagnous","-40","350.0","Person","","Athenian","Male","FALSE","Hagnous/Akharnid Daduchs","Hagnous/Akharnid Daduchs","Hagnous"
2386,"Emperor Septimius Severus","196.5","350.0","Person","","Other/Uncertain","Male","FALSE","","",""
2142,"P. Papinius Statius","50","350.0","Person","","Roman","Male","FALSE","","",""
2130,"Theophilos Eudoxou","25.5","350.0","Person","","Athenian","Male","FALSE","","","Eleusis"
2287,"Calpurnia L. Lepida","155","350.0","Person","","Roman","Female","FALSE","","",""
2469,"Xenagoras I","313","350.0","Person","","Athenian","Male","FALSE","Praxagorid","Claudii of Melite","Melite"
2332,"M. Iul. Praxis","173.5","350.0","Person","","Athenian","Male","TRUE","","","Pallene"
2478,"Roupheina","217.5","350.0","Person","","Roman","Female","FALSE","","",""
2299,"Fl. Zenophilos","165","350.0","Person","","Athenian","Male","TRUE","","","Marathon"
2417,"Iun. Agathopodos","150.5","350.0","Person","","Athenian","Male","TRUE","","","Marathon"
2289,"L. Calpurnius Piso","155","350.0","Person","","Roman","Male","FALSE","","",""
1020,"Praxiergidai","","350.0","Institution","Genos","Athenian","","","","",""
2316,"Pompeia Polla","166","350.0","Person","","Athenian","Female","TRUE","","",""
2009,"Dionysios Dionysiou","-85","350.0","Person","","Athenian","Male","FALSE","","","Sphettos"
2271,"D. Iun. Menneas","150","350.0","Person","","Athenian","Male","TRUE","","",""
2166,"Kl. Alkia","65","350.0","Person","","Athenian","Female","TRUE","Herodian","Herodian-Eukleid","Marathon"
2404,"T. Fl. Leosthenes II","187.5","350.0","Person","","Athenian","Male","TRUE","","","Paiania"
2006,"[?] Heath-Initiate","-87.5","350.0","Person","","Athenian","Uncertain","FALSE","","",""
1012,"Panhellenes","","350.0","Institution","Public","Other Greek","","","","",""
2436,"Onesime Papiou","250.5","350.0","Person","","Athenian","Female","FALSE","","","Besa"
1000,"Areopagus","","350.0","Institution","Public","Athenian","","","","",""
1017,"Lykomidai","","350.0","Institution","Genos","Athenian","","","","",""
2212,"T. [?]","100.5","350.0","Person","","Athenian","Uncertain","TRUE","","",""
2321,"M. Iul Apellas","170","350.0","Person","","Athenian","Male","TRUE","","","Marathon"
2327,"Iul. Theodotos","170","350.0","Person","","Athenian","Male","TRUE","","","Melite"
2282,"[?] Emperor","175","350.0","Person","","Other/Uncertain","Male","FALSE","","",""
2127,"[O?]knia Polykharmou","-6.5","350.0","Person","","Athenian","Female","FALSE","","",""
2233,"Athenaios Epaphrodeitos Athenaiou","119.5","350.0","Person","","Athenian","Male","FALSE","","","Phlya"
2043,"Phaidros Lysiadou","-40","350.0","Person","","Athenian","Male","FALSE","Lysiadidai","","Berenikidai"
2439,"Sabeiniane Hamillo","250.5","350.0","Person","","Athenian","Female","TRUE","","",""
2160,"Kl. [?] Asklepiodorou","55","350.0","Person","","Athenian","Female","TRUE","","",""
2155,"G. Iul. Polkhos Sounieus","55","350.0","Person","","Athenian","Male","TRUE","","","Sounion"
2144,"Diokles Themistokles Hagnousios","50","350.0","Person","","Athenian","Male","FALSE","Hagnous/Akharnid Daduchs","Hagnous/Akharnid Daduchs","Hagnous"
2109,"Phainarete Att[.]","-50.5","350.0","Person","","Athenian","Female","FALSE","","",""
2149,"G. Caecilius Cassius","50","350.0","Person","","Roman","Male","FALSE","","",""
2024,"Ktesikleia Apollonioiu","-50","350.0","Person","","Athenian","Female","FALSE","","",""
2274,"D. Iun. Peiraieus","150","350.0","Person","","Athenian","Male","TRUE","","","Peiraius"
2183,"Eraton Eratonos","50.5","350.0","Person","","Athenian","Male","FALSE","","","Besa"
2326,"Iul. Apollodotos Meliteus","170","350.0","Person","","Athenian","Male","TRUE","","","Melite"
2222,"Pose Poseous","112.5","350.0","Person","","Athenian","Female","FALSE","","","Marathon"
1001,"Boule","","350.0","Institution","Public","Athenian","","","","",""
2045,"Lysiades Phaidrou","-40","350.0","Person","","Athenian","Female","FALSE","Lysiadidai","","Berenikidai"
2237,"[?] Son of Heroxenos Marathonios","137.5","350.0","Person","","Athenian","Male","FALSE","","","Marathon"
2291,"Ail. Zenonos","155","350.0","Person","","Athenian","Male","TRUE","","",""
2042,"Khrysothemis Phaidrou","-40","350.0","Person","","Athenian","Female","FALSE","Lysiadidai","","Berenikidai"
2020,"Diphila Diokleous","-70","350.0","Person","","Athenian","Female","FALSE","Medeiotes","","Melite"
2475,"Fl. Plautianos","204","350.0","Person","","Athenian","Male","TRUE","","",""
2003,"Philanthes","-87.5","350.0","Person","","Athenian","Male","FALSE","","","Halai Aixonides"
2050,"Kallikratides Syndromou","-32.5","350.0","Person","","Athenian","Male","FALSE","Oinophileid","",""
2453,"P. Ail Apollonios","200","350.0","Person","","Athenian","Male","TRUE","Publii Aelii Dionysii","Publii Aelii Dionysii",""
2111,"Diodotos Kalliphontos","-50.5","350.0","Person","","Athenian","Male","FALSE","","","Pambotadai"
2019,"Medeios Medeiou","-70","350.0","Person","","Athenian","Male","FALSE","Medeiotes","","Peiraius"
2038,"L. Munatius Plancus","-36","350.0","Person","","Roman","Male","FALSE","","",""
2220,"[?] Husband of Woman","150.5","350.0","Person","","Athenian","Male","FALSE","","",""
2260,"Nummia Kleo","145","350.0","Person","","Athenian","Female","TRUE","","",""
1004,"Dionysiac Technitai","","350.0","Institution","Private","Athenian","","","","",""
2151,"Ti. Kl. Eukles Sostratou","54.5","350.0","Person","","Athenian","Male","TRUE","","",""
2250,"L. Vipsanius Aiolion","145","350.0","Person","","Athenian","Male","TRUE","","","Phlya"
2228,"Viboullia Alkia","115","350.0","Person","","Athenian","Female","TRUE","Herodian","Herodian-Eukleid",""
2275,"Cornelia [?]","150","350.0","Person","","Athenian","Female","TRUE","","",""
2114,"Dionysios Dionysiou","50","350.0","Person","","Athenian","Male","FALSE","","",""
2011,"Epiphaneia II Athenagorou","-85","350.0","Person","","Athenian","Female","FALSE","Athenagoridai","","Melite"
2257,"L. Nummius Andreas Menidos","145","350.0","Person","","Athenian","Male","TRUE","","","Phaleron"
2253,"Iunia [?] Iun. Patronos","145","350.0","Person","","Athenian","Female","TRUE","","","Berenikidai"
2000,"UNC Kanephoros","-87.5","350.0","Person","","Athenian","Male","FALSE","","",""
2231,"Ael. Lysistrate","122","350.0","Person","","Athenian","Female","TRUE","","",""
1016,"Kerykes","","350.0","Institution","Genos","Athenian","","","","",""
1009,"Boule of Korinth","","350.0","Institution","Public","Other Greek","","","","",""
2186,"[.]ppos Herokleitou","50.5","350.0","Person","","Athenian","Male","FALSE","","","Gargettos"
2484,"Aur. Epaphrodeitos Asklepiadou","217","350.0","Person","","Athenian","Male","TRUE","","","Pithos"
2027,"Kleo Dionysiou","-50","350.0","Person","","Athenian","Female","FALSE","","","Ikarion"
1013,"Sacred Gerousia","","350.0","Institution","Public","Other Greek","","","","",""
2461,"Sekoundos the Eumolpid","200","350.0","Person","","Roman","Male","FALSE","","",""
2482,"Aur. Magna","217","350.0","Person","","Athenian","Female","TRUE","","","Pithos"
2235,"Vipsania Lailiane","132.5","350.0","Person","","Athenian","Female","TRUE","","","Kephesia"
2481,"Ptolemais Serenou Gaza","206.5","350.0","Person","","Other Greek","Male","FALSE","","",""
2391,"Nikostrate Meneou","187.5","350.0","Person","","Athenian","Female","FALSE","","","Berenikidai"
2251,"L. Vipsanius Lailianos","145","350.0","Person","","Athenian","Male","TRUE","","","Phlya"
2230,"Agrius Saturninus","122","350.0","Person","","Roman","Male","FALSE","","",""
2124,"Antamenes Leontikhou","13","350.0","Person","","Athenian","Male","FALSE","","","Epieikidai"
2472,"Kl. Kallistomakhos","205","350.0","Person","","Athenian","Male","TRUE","","",""
2486,"Aur. Paramona Paramonou","217","350.0","Person","","Athenian","Female","TRUE","","","Lamptrai"
1002,"Demos","","350.0","Institution","Public","Athenian","","","","",""
2110,"Diotima","-50.5","350.0","Person","","Athenian","Female","FALSE","","",""
2057,"Ladameia Lysandrou","-25","350.0","Person","","Athenian","Female","FALSE","","","Peiraius"
2103,"Sophokles Theophrastou","-20","350.0","Person","","Athenian","Male","FALSE","Hagnous/Akharnid Daduchs","Hagnous/Akharnid Daduchs","Akharnai"
2221,"Hierophantis Perikleous","112.5","350.0","Person","","Athenian","Female","FALSE","","","Oion"
2021,"Timothea Medeiou","-70","350.0","Person","","Athenian","Female","FALSE","Medeiotes","","Peiraius"
2280,"Klementiane","175","350.0","Person","","Athenian","Female","TRUE","","",""
